Change#,X,Y,Width,Height
1,52,781,56,16
2,767,763,24,35
3,639,757,21,34
4,750,752,21,43
5,638,704,60,30
6,360,677,40,34
7,257,675,40,121
8,141,605,74,33
9,397,588,26,37
10,163,578,81,25
11,218,568,105,57
12,754,512,43,285
13,732,510,35,33
14,9,507,60,34
15,157,441,88,94
16,149,422,32,26
17,705,398,18,56
18,88,394,26,23
19,750,387,19,39
20,206,347,45,73
21,123,299,47,127
22,40,297,83,88
23,92,294,37,24
24,262,284,64,25
25,143,269,70,20
26,718,267,51,17
27,215,262,48,34
28,42,250,43,25
29,80,220,49,40
30,78,211,21,28
31,194,205,63,29
32,101,169,40,66
33,318,168,31,79
34,292,157,31,89
35,249,133,27,48
36,69,129,36,57
37,138,115,220,167
38,160,112,94,66
39,293,100,37,62
40,234,96,53,20
41,0,0,798,798

Total Changes Detected,41
2025-06-15 23:06:52,657,706,41,17
2025-06-15 23:06:52,187,656,68,54
2025-06-15 23:06:52,139,654,33,77
2025-06-15 23:06:52,48,653,44,33
2025-06-15 23:06:52,135,621,23,37
2025-06-15 23:06:52,223,589,53,49
2025-06-15 23:06:52,518,587,38,70
2025-06-15 23:06:52,438,585,69,38
2025-06-15 23:06:52,141,578,83,59
2025-06-15 23:06:52,395,571,60,24
2025-06-15 23:06:52,328,544,49,79
2025-06-15 23:06:52,657,525,47,20
2025-06-15 23:06:52,703,512,24,39
2025-06-15 23:06:52,238,472,20,69
2025-06-15 23:06:52,376,457,27,52
2025-06-15 23:06:52,362,452,194,131
2025-06-15 23:06:52,122,452,19,71
2025-06-15 23:06:52,555,437,25,42
2025-06-15 23:06:52,239,426,133,175
2025-06-15 23:06:52,488,425,40,31
2025-06-15 23:06:52,369,421,41,18
2025-06-15 23:06:52,85,411,37,47
2025-06-15 23:06:52,446,399,67,35
2025-06-15 23:06:52,361,384,104,41
2025-06-15 23:06:52,76,380,26,43
2025-06-15 23:06:52,577,355,27,45
2025-06-15 23:06:52,72,338,28,28
2025-06-15 23:06:52,540,315,37,76
2025-06-15 23:06:52,205,314,31,43
2025-06-15 23:06:52,122,296,18,50
2025-06-15 23:06:52,509,284,57,42
2025-06-15 23:06:52,98,281,28,43
2025-06-15 23:06:52,229,262,176,174
2025-06-15 23:06:52,236,262,29,38
2025-06-15 23:06:52,353,254,192,166
2025-06-15 23:06:52,105,226,42,35
2025-06-15 23:06:52,126,218,126,322
2025-06-15 23:06:52,457,193,27,62
2025-06-15 23:06:52,309,163,19,69
2025-06-15 23:06:52,77,147,60,79
2025-06-15 23:06:52,253,141,27,67
2025-06-15 23:06:52,165,131,89,83
2025-06-15 23:06:52,290,128,40,93
2025-06-15 23:06:52,164,117,33,20
2025-06-15 23:06:52,139,106,18,121
2025-06-15 23:06:52,282,101,45,34
2025-06-15 23:06:52,325,97,21,52
2025-06-15 23:06:52,438,94,101,45
2025-06-15 23:06:52,252,82,81,22
2025-06-15 23:06:52,214,22,64,64
2025-06-15 23:06:52,0,0,800,800
11,483,64,61,2025-06-15 23:11:30
272,482,58,79,2025-06-15 23:11:30
0,455,54,58,2025-06-15 23:11:30
87,445,37,40,2025-06-15 23:11:30
137,423,42,35,2025-06-15 23:11:30
44,418,48,63,2025-06-15 23:11:30
241,351,23,39,2025-06-15 23:11:30
0,337,89,85,2025-06-15 23:11:30
103,310,134,135,2025-06-15 23:11:30
123,289,25,44,2025-06-15 23:11:30
78,236,28,92,2025-06-15 23:11:30
147,212,107,103,2025-06-15 23:11:30
225,208,129,149,2025-06-15 23:11:30
54,192,121,62,2025-06-15 23:11:30
104,132,48,36,2025-06-15 23:11:30
43,109,56,117,2025-06-15 23:11:30
150,68,77,62,2025-06-15 23:11:30
145,50,48,36,2025-06-15 23:11:30
82,38,61,48,2025-06-15 23:11:30
0,0,529,600,2025-06-15 23:11:30
11,483,64,61,2025-06-15 23:11:48
272,482,58,79,2025-06-15 23:11:48
0,455,54,58,2025-06-15 23:11:48
87,445,37,40,2025-06-15 23:11:48
137,423,42,35,2025-06-15 23:11:48
44,418,48,63,2025-06-15 23:11:48
241,351,23,39,2025-06-15 23:11:48
0,337,89,85,2025-06-15 23:11:48
103,310,134,135,2025-06-15 23:11:48
123,289,25,44,2025-06-15 23:11:48
78,236,28,92,2025-06-15 23:11:48
147,212,107,103,2025-06-15 23:11:48
225,208,129,149,2025-06-15 23:11:48
54,192,121,62,2025-06-15 23:11:48
104,132,48,36,2025-06-15 23:11:48
43,109,56,117,2025-06-15 23:11:48
150,68,77,62,2025-06-15 23:11:48
145,50,48,36,2025-06-15 23:11:48
82,38,61,48,2025-06-15 23:11:48
0,0,529,600,2025-06-15 23:11:48
93,433,51,50,2025-06-15 23:11:58
302,428,75,148,2025-06-15 23:11:58
264,419,60,30,2025-06-15 23:11:58
259,373,60,52,2025-06-15 23:11:58
248,342,26,47,2025-06-15 23:11:58
269,323,245,194,2025-06-15 23:11:58
30,318,53,79,2025-06-15 23:11:58
111,301,137,147,2025-06-15 23:11:58
130,278,26,47,2025-06-15 23:11:58
74,232,45,109,2025-06-15 23:11:58
48,208,55,37,2025-06-15 23:11:58
155,195,195,143,2025-06-15 23:11:58
339,188,44,65,2025-06-15 23:11:58
125,177,36,26,2025-06-15 23:11:58
111,83,47,66,2025-06-15 23:11:58
217,71,145,126,2025-06-15 23:11:58
499,9,26,36,2025-06-15 23:11:58
0,0,533,601,2025-06-15 23:11:58
93,433,51,50,2025-06-15 23:13:33
302,428,75,148,2025-06-15 23:13:33
264,419,60,30,2025-06-15 23:13:33
259,373,60,52,2025-06-15 23:13:33
248,342,26,47,2025-06-15 23:13:33
269,323,245,194,2025-06-15 23:13:33
30,318,53,79,2025-06-15 23:13:33
111,301,137,147,2025-06-15 23:13:33
130,278,26,47,2025-06-15 23:13:33
74,232,45,109,2025-06-15 23:13:33
48,208,55,37,2025-06-15 23:13:33
155,195,195,143,2025-06-15 23:13:33
339,188,44,65,2025-06-15 23:13:33
125,177,36,26,2025-06-15 23:13:33
111,83,47,66,2025-06-15 23:13:33
217,71,145,126,2025-06-15 23:13:33
499,9,26,36,2025-06-15 23:13:33
0,0,533,601,2025-06-15 23:13:33
93,433,51,50,2025-06-16 11:04:21
302,428,75,148,2025-06-16 11:04:21
264,419,60,30,2025-06-16 11:04:21
259,373,60,52,2025-06-16 11:04:21
248,342,26,47,2025-06-16 11:04:21
269,323,245,194,2025-06-16 11:04:21
30,318,53,79,2025-06-16 11:04:21
111,301,137,147,2025-06-16 11:04:21
130,278,26,47,2025-06-16 11:04:21
74,232,45,109,2025-06-16 11:04:21
48,208,55,37,2025-06-16 11:04:21
155,195,195,143,2025-06-16 11:04:21
339,188,44,65,2025-06-16 11:04:21
125,177,36,26,2025-06-16 11:04:21
111,83,47,66,2025-06-16 11:04:21
217,71,145,126,2025-06-16 11:04:21
499,9,26,36,2025-06-16 11:04:21
0,0,533,601,2025-06-16 11:04:21
93,433,51,50,2025-06-16 11:09:06
302,428,75,148,2025-06-16 11:09:06
264,419,60,30,2025-06-16 11:09:06
259,373,60,52,2025-06-16 11:09:06
248,342,26,47,2025-06-16 11:09:06
269,323,245,194,2025-06-16 11:09:06
30,318,53,79,2025-06-16 11:09:06
111,301,137,147,2025-06-16 11:09:06
130,278,26,47,2025-06-16 11:09:06
74,232,45,109,2025-06-16 11:09:06
48,208,55,37,2025-06-16 11:09:06
155,195,195,143,2025-06-16 11:09:06
339,188,44,65,2025-06-16 11:09:06
125,177,36,26,2025-06-16 11:09:06
111,83,47,66,2025-06-16 11:09:06
217,71,145,126,2025-06-16 11:09:06
499,9,26,36,2025-06-16 11:09:06
0,0,533,601,2025-06-16 11:09:06
93,433,51,50,2025-06-16 11:09:31
302,428,75,148,2025-06-16 11:09:31
264,419,60,30,2025-06-16 11:09:31
259,373,60,52,2025-06-16 11:09:31
248,342,26,47,2025-06-16 11:09:31
269,323,245,194,2025-06-16 11:09:31
30,318,53,79,2025-06-16 11:09:31
111,301,137,147,2025-06-16 11:09:31
130,278,26,47,2025-06-16 11:09:31
74,232,45,109,2025-06-16 11:09:31
48,208,55,37,2025-06-16 11:09:31
155,195,195,143,2025-06-16 11:09:31
339,188,44,65,2025-06-16 11:09:31
125,177,36,26,2025-06-16 11:09:31
111,83,47,66,2025-06-16 11:09:31
217,71,145,126,2025-06-16 11:09:31
499,9,26,36,2025-06-16 11:09:31
0,0,533,601,2025-06-16 11:09:31
93,433,51,50,2025-06-16 11:11:00
302,428,75,148,2025-06-16 11:11:00
264,419,60,30,2025-06-16 11:11:00
259,373,60,52,2025-06-16 11:11:00
248,342,26,47,2025-06-16 11:11:00
269,323,245,194,2025-06-16 11:11:00
30,318,53,79,2025-06-16 11:11:00
111,301,137,147,2025-06-16 11:11:00
130,278,26,47,2025-06-16 11:11:00
74,232,45,109,2025-06-16 11:11:00
48,208,55,37,2025-06-16 11:11:00
155,195,195,143,2025-06-16 11:11:00
339,188,44,65,2025-06-16 11:11:00
125,177,36,26,2025-06-16 11:11:00
111,83,47,66,2025-06-16 11:11:00
217,71,145,126,2025-06-16 11:11:00
499,9,26,36,2025-06-16 11:11:00
0,0,533,601,2025-06-16 11:11:00
93,433,51,50,2025-06-16 11:14:02
302,428,75,148,2025-06-16 11:14:02
264,419,60,30,2025-06-16 11:14:02
259,373,60,52,2025-06-16 11:14:02
248,342,26,47,2025-06-16 11:14:02
269,323,245,194,2025-06-16 11:14:02
30,318,53,79,2025-06-16 11:14:02
111,301,137,147,2025-06-16 11:14:02
130,278,26,47,2025-06-16 11:14:02
74,232,45,109,2025-06-16 11:14:02
48,208,55,37,2025-06-16 11:14:02
155,195,195,143,2025-06-16 11:14:02
339,188,44,65,2025-06-16 11:14:02
125,177,36,26,2025-06-16 11:14:02
111,83,47,66,2025-06-16 11:14:02
217,71,145,126,2025-06-16 11:14:02
499,9,26,36,2025-06-16 11:14:02
0,0,533,601,2025-06-16 11:14:02
93,433,51,50,2025-06-16 11:28:30
302,428,75,148,2025-06-16 11:28:30
264,419,60,30,2025-06-16 11:28:30
259,373,60,52,2025-06-16 11:28:30
248,342,26,47,2025-06-16 11:28:30
269,323,245,194,2025-06-16 11:28:30
30,318,53,79,2025-06-16 11:28:30
111,301,137,147,2025-06-16 11:28:30
130,278,26,47,2025-06-16 11:28:30
74,232,45,109,2025-06-16 11:28:30
48,208,55,37,2025-06-16 11:28:30
155,195,195,143,2025-06-16 11:28:30
339,188,44,65,2025-06-16 11:28:30
125,177,36,26,2025-06-16 11:28:30
111,83,47,66,2025-06-16 11:28:30
217,71,145,126,2025-06-16 11:28:30
499,9,26,36,2025-06-16 11:28:30
0,0,533,601,2025-06-16 11:28:30
93,433,51,50,2025-06-16 22:04:59
302,428,75,148,2025-06-16 22:04:59
264,419,60,30,2025-06-16 22:04:59
259,373,60,52,2025-06-16 22:04:59
248,342,26,47,2025-06-16 22:04:59
269,323,245,194,2025-06-16 22:04:59
30,318,53,79,2025-06-16 22:04:59
111,301,137,147,2025-06-16 22:04:59
130,278,26,47,2025-06-16 22:04:59
74,232,45,109,2025-06-16 22:04:59
48,208,55,37,2025-06-16 22:04:59
155,195,195,143,2025-06-16 22:04:59
339,188,44,65,2025-06-16 22:04:59
125,177,36,26,2025-06-16 22:04:59
111,83,47,66,2025-06-16 22:04:59
217,71,145,126,2025-06-16 22:04:59
499,9,26,36,2025-06-16 22:04:59
0,0,533,601,2025-06-16 22:04:59
2026-04-08 22:32:38,242,597,43,4
2026-04-08 22:32:38,133,597,5,4
2026-04-08 22:32:38,298,593,81,8
2026-04-08 22:32:38,381,592,91,9
2026-04-08 22:32:38,21,592,12,9
2026-04-08 22:32:38,476,591,9,10
2026-04-08 22:32:38,322,589,5,5
2026-04-08 22:32:38,43,589,32,12
2026-04-08 22:32:38,80,587,25,14
2026-04-08 22:32:38,361,586,5,10
2026-04-08 22:32:38,510,581,6,7
2026-04-08 22:32:38,486,580,47,21
2026-04-08 22:32:38,305,577,8,10
2026-04-08 22:32:38,287,577,17,8
2026-04-08 22:32:38,217,577,5,5
2026-04-08 22:32:38,192,577,7,7
2026-04-08 22:32:38,32,577,5,13
2026-04-08 22:32:38,432,573,7,11
2026-04-08 22:32:38,482,570,5,10
2026-04-08 22:32:38,28,570,5,5
2026-04-08 22:32:38,517,566,6,10
2026-04-08 22:32:38,312,561,5,6
2026-04-08 22:32:38,247,561,23,14
2026-04-08 22:32:38,337,559,7,5
2026-04-08 22:32:38,37,557,31,15
2026-04-08 22:32:38,281,556,17,18
2026-04-08 22:32:38,72,554,5,5
2026-04-08 22:32:38,367,551,5,9
2026-04-08 22:32:38,195,549,5,5
2026-04-08 22:32:38,300,548,10,8
2026-04-08 22:32:38,341,546,5,5
2026-04-08 22:32:38,24,545,6,8
2026-04-08 22:32:38,233,543,10,14
2026-04-08 22:32:38,224,542,16,39
2026-04-08 22:32:38,64,541,7,12
2026-04-08 22:32:38,247,540,19,20
2026-04-08 22:32:38,45,538,5,5
2026-04-08 22:32:38,56,535,7,12
2026-04-08 22:32:38,29,533,5,7
2026-04-08 22:32:38,288,532,13,12
2026-04-08 22:32:38,20,530,8,5
2026-04-08 22:32:38,38,529,5,5
2026-04-08 22:32:38,269,526,19,36
2026-04-08 22:32:38,245,526,15,9
2026-04-08 22:32:38,288,520,5,7
2026-04-08 22:32:38,33,520,34,14
2026-04-08 22:32:38,253,519,13,6
2026-04-08 22:32:38,456,518,13,7
2026-04-08 22:32:38,448,518,5,5
2026-04-08 22:32:38,83,514,5,11
2026-04-08 22:32:38,22,513,5,5
2026-04-08 22:32:38,315,510,6,7
2026-04-08 22:32:38,29,509,6,10
2026-04-08 22:32:38,281,507,6,5
2026-04-08 22:32:38,83,507,5,5
2026-04-08 22:32:38,433,503,12,11
2026-04-08 22:32:38,267,503,12,15
2026-04-08 22:32:38,451,500,6,5
2026-04-08 22:32:38,288,500,19,14
2026-04-08 22:32:38,497,497,6,5
2026-04-08 22:32:38,478,494,6,5
2026-04-08 22:32:38,416,494,13,8
2026-04-08 22:32:38,436,493,6,9
2026-04-08 22:32:38,471,492,5,5
2026-04-08 22:32:38,496,490,5,5
2026-04-08 22:32:38,95,489,26,99
2026-04-08 22:32:38,225,484,45,57
2026-04-08 22:32:38,334,482,7,7
2026-04-08 22:32:38,225,482,7,8
2026-04-08 22:32:38,67,482,15,19
2026-04-08 22:32:38,462,481,5,7
2026-04-08 22:32:38,23,480,21,28
2026-04-08 22:32:38,303,479,26,26
2026-04-08 22:32:38,418,478,37,9
2026-04-08 22:32:38,487,477,5,6
2026-04-08 22:32:38,494,476,5,11
2026-04-08 22:32:38,386,476,7,17
2026-04-08 22:32:38,414,473,5,5
2026-04-08 22:32:38,476,471,8,9
2026-04-08 22:32:38,493,468,5,7
2026-04-08 22:32:38,31,467,30,10
2026-04-08 22:32:38,163,466,6,9
2026-04-08 22:32:38,499,465,5,10
2026-04-08 22:32:38,22,463,6,8
2026-04-08 22:32:38,169,460,6,5
2026-04-08 22:32:38,491,459,7,8
2026-04-08 22:32:38,329,459,5,5
2026-04-08 22:32:38,443,458,10,6
2026-04-08 22:32:38,427,458,16,18
2026-04-08 22:32:38,185,457,38,121
2026-04-08 22:32:38,455,456,13,15
2026-04-08 22:32:38,5,456,9,5
2026-04-08 22:32:38,22,454,7,8
2026-04-08 22:32:38,233,453,6,6
2026-04-08 22:32:38,64,453,14,26
2026-04-08 22:32:38,347,451,23,34
2026-04-08 22:32:38,107,451,24,26
2026-04-08 22:32:38,67,446,13,13
2026-04-08 22:32:38,330,442,9,8
2026-04-08 22:32:38,184,440,16,16
2026-04-08 22:32:38,152,439,20,14
2026-04-08 22:32:38,351,437,9,9
2026-04-08 22:32:38,137,435,6,5
2026-04-08 22:32:38,114,435,17,13
2026-04-08 22:32:38,83,435,14,14
2026-04-08 22:32:38,498,434,6,17
2026-04-08 22:32:38,400,433,63,49
2026-04-08 22:32:38,329,431,11,9
2026-04-08 22:32:38,294,428,14,8
2026-04-08 22:32:38,209,424,8,7
2026-04-08 22:32:38,237,421,5,5
2026-04-08 22:32:38,25,420,5,5
2026-04-08 22:32:38,195,418,6,5
2026-04-08 22:32:38,168,418,14,10
2026-04-08 22:32:38,64,417,27,17
2026-04-08 22:32:38,350,416,5,5
2026-04-08 22:32:38,494,415,8,15
2026-04-08 22:32:38,484,413,8,6
2026-04-08 22:32:38,417,413,11,7
2026-04-08 22:32:38,473,412,6,5
2026-04-08 22:32:38,460,410,7,6
2026-04-08 22:32:38,259,410,8,13
2026-04-08 22:32:38,200,410,5,5
2026-04-08 22:32:38,180,410,6,6
2026-04-08 22:32:38,172,409,7,5
2026-04-08 22:32:38,144,409,5,5
2026-04-08 22:32:38,216,407,10,15
2026-04-08 22:32:38,153,405,10,12
2026-04-08 22:32:38,212,403,5,5
2026-04-08 22:32:38,436,402,8,5
2026-04-08 22:32:38,393,402,12,11
2026-04-08 22:32:38,356,402,32,29
2026-04-08 22:32:38,313,401,5,5
2026-04-08 22:32:38,326,399,5,5
2026-04-08 22:32:38,85,398,9,12
2026-04-08 22:32:38,230,394,6,6
2026-04-08 22:32:38,7,394,5,5
2026-04-08 22:32:38,505,393,8,15
2026-04-08 22:32:38,266,392,25,7
2026-04-08 22:32:38,489,391,7,9
2026-04-08 22:32:38,31,391,11,8
2026-04-08 22:32:38,389,388,5,6
2026-04-08 22:32:38,300,385,6,5
2026-04-08 22:32:38,281,385,7,5
2026-04-08 22:32:38,86,385,5,8
2026-04-08 22:32:38,409,384,11,5
2026-04-08 22:32:38,208,382,6,10
2026-04-08 22:32:38,465,381,8,26
2026-04-08 22:32:38,332,380,37,21
2026-04-08 22:32:38,187,379,20,13
2026-04-08 22:32:38,77,376,5,9
2026-04-08 22:32:38,386,372,6,6
2026-04-08 22:32:38,23,372,6,10
2026-04-08 22:32:38,332,369,12,7
2026-04-08 22:32:38,176,367,18,23
2026-04-08 22:32:38,217,364,5,5
2026-04-08 22:32:38,199,364,9,11
2026-04-08 22:32:38,309,362,22,16
2026-04-08 22:32:38,185,361,5,5
2026-04-08 22:32:38,215,355,5,8
2026-04-08 22:32:38,158,355,10,9
2026-04-08 22:32:38,170,353,9,13
2026-04-08 22:32:38,230,349,15,19
2026-04-08 22:32:38,255,348,14,20
2026-04-08 22:32:38,274,346,7,6
2026-04-08 22:32:38,189,346,20,13
2026-04-08 22:32:38,290,345,73,33
2026-04-08 22:32:38,33,343,40,38
2026-04-08 22:32:38,208,342,8,5
2026-04-08 22:32:38,185,342,6,6
2026-04-08 22:32:38,240,337,6,5
2026-04-08 22:32:38,155,334,6,9
2026-04-08 22:32:38,116,333,35,68
2026-04-08 22:32:38,18,333,21,14
2026-04-08 22:32:38,52,328,6,6
2026-04-08 22:32:38,9,328,7,9
2026-04-08 22:32:38,331,326,18,11
2026-04-08 22:32:38,306,322,6,6
2026-04-08 22:32:38,196,322,33,20
2026-04-08 22:32:38,48,322,5,5
2026-04-08 22:32:38,293,321,11,8
2026-04-08 22:32:38,240,321,38,12
2026-04-08 22:32:38,214,319,8,6
2026-04-08 22:32:38,282,318,6,7
2026-04-08 22:32:38,102,318,13,14
2026-04-08 22:32:38,300,313,6,6
2026-04-08 22:32:38,67,313,7,13
2026-04-08 22:32:38,165,312,13,17
2026-04-08 22:32:38,480,308,8,20
2026-04-08 22:32:38,320,308,6,6
2026-04-08 22:32:38,241,306,9,11
2026-04-08 22:32:38,182,306,56,16
2026-04-08 22:32:38,499,304,10,14
2026-04-08 22:32:38,351,298,9,9
2026-04-08 22:32:38,435,295,5,6
2026-04-08 22:32:38,381,295,5,5
2026-04-08 22:32:38,338,294,10,6
2026-04-08 22:32:38,498,293,7,7
2026-04-08 22:32:38,274,293,14,17
2026-04-08 22:32:38,55,293,5,5
2026-04-08 22:32:38,28,292,6,6
2026-04-08 22:32:38,481,291,5,5
2026-04-08 22:32:38,37,290,5,5
2026-04-08 22:32:38,387,288,8,6
2026-04-08 22:32:38,64,286,5,5
2026-04-08 22:32:38,43,286,5,5
2026-04-08 22:32:38,354,285,7,8
2026-04-08 22:32:38,499,283,5,5
2026-04-08 22:32:38,139,280,11,37
2026-04-08 22:32:38,215,279,8,10
2026-04-08 22:32:38,243,278,5,5
2026-04-08 22:32:38,345,277,5,5
2026-04-08 22:32:38,163,274,10,15
2026-04-08 22:32:38,297,273,12,18
2026-04-08 22:32:38,175,272,5,10
2026-04-08 22:32:38,195,271,7,6
2026-04-08 22:32:38,284,270,6,5
2026-04-08 22:32:38,125,270,5,7
2026-04-08 22:32:38,360,265,7,5
2026-04-08 22:32:38,86,265,26,51
2026-04-08 22:32:38,498,260,6,9
2026-04-08 22:32:38,505,259,5,11
2026-04-08 22:32:38,144,259,5,5
2026-04-08 22:32:38,48,259,10,15
2026-04-08 22:32:38,29,259,13,10
2026-04-08 22:32:38,370,256,7,8
2026-04-08 22:32:38,330,256,6,12
2026-04-08 22:32:38,57,254,10,16
2026-04-08 22:32:38,352,252,9,8
2026-04-08 22:32:38,94,249,6,10
2026-04-08 22:32:38,35,248,8,9
2026-04-08 22:32:38,228,247,5,6
2026-04-08 22:32:38,238,243,9,28
2026-04-08 22:32:38,171,236,5,5
2026-04-08 22:32:38,96,236,10,7
2026-04-08 22:32:38,52,236,9,5
2026-04-08 22:32:38,179,235,38,41
2026-04-08 22:32:38,353,233,16,12
2026-04-08 22:32:38,204,233,23,9
2026-04-08 22:32:38,233,232,10,8
2026-04-08 22:32:38,9,231,5,5
2026-04-08 22:32:38,20,229,6,7
2026-04-08 22:32:38,321,227,6,6
2026-04-08 22:32:38,53,220,6,7
2026-04-08 22:32:38,75,219,9,12
2026-04-08 22:32:38,244,218,86,83
2026-04-08 22:32:38,276,218,6,9
2026-04-08 22:32:38,159,217,14,15
2026-04-08 22:32:38,175,214,45,21
2026-04-08 22:32:38,85,213,13,13
2026-04-08 22:32:38,281,206,6,5
2026-04-08 22:32:38,291,205,10,5
2026-04-08 22:32:38,231,205,9,9
2026-04-08 22:32:38,45,204,10,7
2026-04-08 22:32:38,255,203,6,5
2026-04-08 22:32:38,33,201,11,9
2026-04-08 22:32:38,58,200,11,12
2026-04-08 22:32:38,493,198,8,8
2026-04-08 22:32:38,291,196,12,7
2026-04-08 22:32:38,133,196,7,6
2026-04-08 22:32:38,88,195,6,6
2026-04-08 22:32:38,391,194,13,8
2026-04-08 22:32:38,49,190,12,10
2026-04-08 22:32:38,17,190,6,8
2026-04-08 22:32:38,448,188,5,5
2026-04-08 22:32:38,529,187,4,389
2026-04-08 22:32:38,417,187,7,6
2026-04-08 22:32:38,457,184,31,12
2026-04-08 22:32:38,515,183,5,5
2026-04-08 22:32:38,401,183,13,11
2026-04-08 22:32:38,133,183,27,15
2026-04-08 22:32:38,427,182,6,6
2026-04-08 22:32:38,269,182,6,5
2026-04-08 22:32:38,308,181,5,6
2026-04-08 22:32:38,56,177,15,10
2026-04-08 22:32:38,295,176,5,7
2026-04-08 22:32:38,282,176,7,5
2026-04-08 22:32:38,120,173,5,6
2026-04-08 22:32:38,379,172,15,20
2026-04-08 22:32:38,90,172,6,6
2026-04-08 22:32:38,43,169,8,10
2026-04-08 22:32:38,245,168,16,8
2026-04-08 22:32:38,57,167,10,7
2026-04-08 22:32:38,323,166,24,12
2026-04-08 22:32:38,285,166,7,8
2026-04-08 22:32:38,70,166,10,8
2026-04-08 22:32:38,293,164,7,9
2026-04-08 22:32:38,85,164,6,6
2026-04-08 22:32:38,508,162,12,11
2026-04-08 22:32:38,427,162,7,7
2026-04-08 22:32:38,273,161,6,10
2026-04-08 22:32:38,227,161,5,5
2026-04-08 22:32:38,341,160,10,10
2026-04-08 22:32:38,43,157,10,7
2026-04-08 22:32:38,281,152,6,7
2026-04-08 22:32:38,35,152,5,5
2026-04-08 22:32:38,306,151,30,39
2026-04-08 22:32:38,303,150,7,5
2026-04-08 22:32:38,291,150,8,5
2026-04-08 22:32:38,335,145,10,12
2026-04-08 22:32:38,405,143,11,10
2026-04-08 22:32:38,515,141,5,5
2026-04-08 22:32:38,273,138,8,20
2026-04-08 22:32:38,407,134,6,7
2026-04-08 22:32:38,11,133,33,53
2026-04-08 22:32:38,312,132,9,12
2026-04-08 22:32:38,51,131,16,24
2026-04-08 22:32:38,354,130,6,5
2026-04-08 22:32:38,347,130,6,10
2026-04-08 22:32:38,234,130,6,9
2026-04-08 22:32:38,71,130,22,26
2026-04-08 22:32:38,133,129,5,5
2026-04-08 22:32:38,125,129,7,6
2026-04-08 22:32:38,375,125,45,47
2026-04-08 22:32:38,145,125,8,8
2026-04-08 22:32:38,331,123,6,14
2026-04-08 22:32:38,18,123,18,9
2026-04-08 22:32:38,95,120,9,9
2026-04-08 22:32:38,412,117,37,35
2026-04-08 22:32:38,480,115,12,11
2026-04-08 22:32:38,345,114,16,13
2026-04-08 22:32:38,125,114,5,8
2026-04-08 22:32:38,282,113,32,37
2026-04-08 22:32:38,147,113,5,6
2026-04-08 22:32:38,436,111,77,63
2026-04-08 22:32:38,273,111,9,25
2026-04-08 22:32:38,212,110,5,5
2026-04-08 22:32:38,81,110,8,7
2026-04-08 22:32:38,51,109,8,7
2026-04-08 22:32:38,35,109,9,10
2026-04-08 22:32:38,97,108,6,10
2026-04-08 22:32:38,157,106,21,20
2026-04-08 22:32:38,82,100,7,5
2026-04-08 22:32:38,96,98,7,9
2026-04-08 22:32:38,302,97,45,21
2026-04-08 22:32:38,278,96,12,10
2026-04-08 22:32:38,450,93,5,5
2026-04-08 22:32:38,511,92,5,6
2026-04-08 22:32:38,151,92,6,5
2026-04-08 22:32:38,517,91,5,5
2026-04-08 22:32:38,367,89,12,29
2026-04-08 22:32:38,319,88,7,6
2026-04-08 22:32:38,263,87,13,18
2026-04-08 22:32:38,82,87,7,8
2026-04-08 22:32:38,279,86,5,5
2026-04-08 22:32:38,122,85,19,20
2026-04-08 22:32:38,41,85,19,21
2026-04-08 22:32:38,17,79,27,35
2026-04-08 22:32:38,350,78,6,6
2026-04-08 22:32:38,294,77,49,20
2026-04-08 22:32:38,242,77,15,30
2026-04-08 22:32:38,56,77,12,8
2026-04-08 22:32:38,266,74,18,6
2026-04-08 22:32:38,495,71,7,5
2026-04-08 22:32:38,329,71,16,5
2026-04-08 22:32:38,313,71,5,5
2026-04-08 22:32:38,291,71,12,9
2026-04-08 22:32:38,442,70,8,7
2026-04-08 22:32:38,187,70,10,5
2026-04-08 22:32:38,125,69,7,6
2026-04-08 22:32:38,134,65,7,8
2026-04-08 22:32:38,91,63,24,22
2026-04-08 22:32:38,80,63,7,7
2026-04-08 22:32:38,222,62,5,5
2026-04-08 22:32:38,191,62,5,5
2026-04-08 22:32:38,483,61,8,8
2026-04-08 22:32:38,399,61,5,5
2026-04-08 22:32:38,51,57,5,6
2026-04-08 22:32:38,470,56,5,5
2026-04-08 22:32:38,199,55,7,19
2026-04-08 22:32:38,504,54,5,6
2026-04-08 22:32:38,250,54,6,5
2026-04-08 22:32:38,68,52,5,5
2026-04-08 22:32:38,188,50,8,8
2026-04-08 22:32:38,149,50,9,7
2026-04-08 22:32:38,58,49,5,9
2026-04-08 22:32:38,327,48,15,6
2026-04-08 22:32:38,114,48,7,9
2026-04-08 22:32:38,225,47,6,6
2026-04-08 22:32:38,165,46,7,6
2026-04-08 22:32:38,47,46,8,6
2026-04-08 22:32:38,461,42,12,9
2026-04-08 22:32:38,135,42,10,8
2026-04-08 22:32:38,115,41,8,6
2026-04-08 22:32:38,124,40,8,8
2026-04-08 22:32:38,158,39,5,5
2026-04-08 22:32:38,60,39,13,8
2026-04-08 22:32:38,243,38,9,18
2026-04-08 22:32:38,116,30,8,9
2026-04-08 22:32:38,77,29,33,28
2026-04-08 22:32:38,6,25,6,23
2026-04-08 22:32:38,128,22,5,8
2026-04-08 22:32:38,36,22,14,41
2026-04-08 22:32:38,223,20,6,6
2026-04-08 22:32:38,73,20,13,10
2026-04-08 22:32:38,51,19,17,15
2026-04-08 22:32:38,164,18,8,9
2026-04-08 22:32:38,333,15,10,31
2026-04-08 22:32:38,301,15,5,6
2026-04-08 22:32:38,240,14,13,16
2026-04-08 22:32:38,433,13,7,7
2026-04-08 22:32:38,109,13,9,7
2026-04-08 22:32:38,19,11,26,39
2026-04-08 22:32:38,501,10,16,34
2026-04-08 22:32:38,77,7,9,12
2026-04-08 22:32:38,168,6,5,7
2026-04-08 22:32:38,56,6,5,5
2026-04-08 22:32:38,491,5,8,6
2026-04-08 22:32:38,348,5,8,41
2026-04-08 22:32:38,108,3,5,6
2026-04-08 22:32:38,293,2,39,42
2026-04-08 22:32:38,518,0,15,183
2026-04-08 22:32:38,373,0,116,49
2026-04-08 22:32:38,230,0,5,3
2026-04-08 22:32:38,217,0,9,19
2026-04-08 22:32:38,175,0,39,37
2026-04-08 22:32:38,152,0,10,15
2026-04-08 22:32:38,98,0,9,9
2026-04-08 22:32:38,72,0,8,4
2026-04-08 22:32:38,55,0,12,5
2026-04-08 22:32:38,44,0,7,12
2026-04-08 22:32:38,0,0,79,601
2026-04-15 12:06:40,242,597,43,4
2026-04-15 12:06:40,133,597,5,4
2026-04-15 12:06:40,298,593,81,8
2026-04-15 12:06:40,381,592,91,9
2026-04-15 12:06:40,21,592,12,9
2026-04-15 12:06:40,476,591,9,10
2026-04-15 12:06:40,322,589,5,5
2026-04-15 12:06:40,43,589,32,12
2026-04-15 12:06:40,80,587,25,14
2026-04-15 12:06:40,361,586,5,10
2026-04-15 12:06:40,510,581,6,7
2026-04-15 12:06:40,486,580,47,21
2026-04-15 12:06:40,305,577,8,10
2026-04-15 12:06:40,287,577,17,8
2026-04-15 12:06:40,217,577,5,5
2026-04-15 12:06:40,192,577,7,7
2026-04-15 12:06:40,32,577,5,13
2026-04-15 12:06:40,432,573,7,11
2026-04-15 12:06:40,482,570,5,10
2026-04-15 12:06:40,28,570,5,5
2026-04-15 12:06:40,517,566,6,10
2026-04-15 12:06:40,312,561,5,6
2026-04-15 12:06:40,247,561,23,14
2026-04-15 12:06:40,337,559,7,5
2026-04-15 12:06:40,37,557,31,15
2026-04-15 12:06:40,281,556,17,18
2026-04-15 12:06:40,72,554,5,5
2026-04-15 12:06:40,367,551,5,9
2026-04-15 12:06:40,195,549,5,5
2026-04-15 12:06:40,300,548,10,8
2026-04-15 12:06:40,341,546,5,5
2026-04-15 12:06:40,24,545,6,8
2026-04-15 12:06:40,233,543,10,14
2026-04-15 12:06:40,224,542,16,39
2026-04-15 12:06:40,64,541,7,12
2026-04-15 12:06:40,247,540,19,20
2026-04-15 12:06:40,45,538,5,5
2026-04-15 12:06:40,56,535,7,12
2026-04-15 12:06:40,29,533,5,7
2026-04-15 12:06:40,288,532,13,12
2026-04-15 12:06:40,20,530,8,5
2026-04-15 12:06:40,38,529,5,5
2026-04-15 12:06:40,269,526,19,36
2026-04-15 12:06:40,245,526,15,9
2026-04-15 12:06:40,288,520,5,7
2026-04-15 12:06:40,33,520,34,14
2026-04-15 12:06:40,253,519,13,6
2026-04-15 12:06:40,456,518,13,7
2026-04-15 12:06:40,448,518,5,5
2026-04-15 12:06:40,83,514,5,11
2026-04-15 12:06:40,22,513,5,5
2026-04-15 12:06:40,315,510,6,7
2026-04-15 12:06:40,29,509,6,10
2026-04-15 12:06:40,281,507,6,5
2026-04-15 12:06:40,83,507,5,5
2026-04-15 12:06:40,433,503,12,11
2026-04-15 12:06:40,267,503,12,15
2026-04-15 12:06:40,451,500,6,5
2026-04-15 12:06:40,288,500,19,14
2026-04-15 12:06:40,497,497,6,5
2026-04-15 12:06:40,478,494,6,5
2026-04-15 12:06:40,416,494,13,8
2026-04-15 12:06:40,436,493,6,9
2026-04-15 12:06:40,471,492,5,5
2026-04-15 12:06:40,496,490,5,5
2026-04-15 12:06:40,95,489,26,99
2026-04-15 12:06:40,225,484,45,57
2026-04-15 12:06:40,334,482,7,7
2026-04-15 12:06:40,225,482,7,8
2026-04-15 12:06:40,67,482,15,19
2026-04-15 12:06:40,462,481,5,7
2026-04-15 12:06:40,23,480,21,28
2026-04-15 12:06:40,303,479,26,26
2026-04-15 12:06:40,418,478,37,9
2026-04-15 12:06:40,487,477,5,6
2026-04-15 12:06:40,494,476,5,11
2026-04-15 12:06:40,386,476,7,17
2026-04-15 12:06:40,414,473,5,5
2026-04-15 12:06:40,476,471,8,9
2026-04-15 12:06:40,493,468,5,7
2026-04-15 12:06:40,31,467,30,10
2026-04-15 12:06:40,163,466,6,9
2026-04-15 12:06:40,499,465,5,10
2026-04-15 12:06:40,22,463,6,8
2026-04-15 12:06:40,169,460,6,5
2026-04-15 12:06:40,491,459,7,8
2026-04-15 12:06:40,329,459,5,5
2026-04-15 12:06:40,443,458,10,6
2026-04-15 12:06:40,427,458,16,18
2026-04-15 12:06:40,185,457,38,121
2026-04-15 12:06:40,455,456,13,15
2026-04-15 12:06:40,5,456,9,5
2026-04-15 12:06:40,22,454,7,8
2026-04-15 12:06:40,233,453,6,6
2026-04-15 12:06:40,64,453,14,26
2026-04-15 12:06:40,347,451,23,34
2026-04-15 12:06:40,107,451,24,26
2026-04-15 12:06:40,67,446,13,13
2026-04-15 12:06:40,330,442,9,8
2026-04-15 12:06:40,184,440,16,16
2026-04-15 12:06:40,152,439,20,14
2026-04-15 12:06:40,351,437,9,9
2026-04-15 12:06:40,137,435,6,5
2026-04-15 12:06:40,114,435,17,13
2026-04-15 12:06:40,83,435,14,14
2026-04-15 12:06:40,498,434,6,17
2026-04-15 12:06:40,400,433,63,49
2026-04-15 12:06:40,329,431,11,9
2026-04-15 12:06:40,294,428,14,8
2026-04-15 12:06:40,209,424,8,7
2026-04-15 12:06:40,237,421,5,5
2026-04-15 12:06:40,25,420,5,5
2026-04-15 12:06:40,195,418,6,5
2026-04-15 12:06:40,168,418,14,10
2026-04-15 12:06:40,64,417,27,17
2026-04-15 12:06:40,350,416,5,5
2026-04-15 12:06:40,494,415,8,15
2026-04-15 12:06:40,484,413,8,6
2026-04-15 12:06:40,417,413,11,7
2026-04-15 12:06:40,473,412,6,5
2026-04-15 12:06:40,460,410,7,6
2026-04-15 12:06:40,259,410,8,13
2026-04-15 12:06:40,200,410,5,5
2026-04-15 12:06:40,180,410,6,6
2026-04-15 12:06:40,172,409,7,5
2026-04-15 12:06:40,144,409,5,5
2026-04-15 12:06:40,216,407,10,15
2026-04-15 12:06:40,153,405,10,12
2026-04-15 12:06:40,212,403,5,5
2026-04-15 12:06:40,436,402,8,5
2026-04-15 12:06:40,393,402,12,11
2026-04-15 12:06:40,356,402,32,29
2026-04-15 12:06:40,313,401,5,5
2026-04-15 12:06:40,326,399,5,5
2026-04-15 12:06:40,85,398,9,12
2026-04-15 12:06:40,230,394,6,6
2026-04-15 12:06:40,7,394,5,5
2026-04-15 12:06:40,505,393,8,15
2026-04-15 12:06:40,266,392,25,7
2026-04-15 12:06:40,489,391,7,9
2026-04-15 12:06:40,31,391,11,8
2026-04-15 12:06:40,389,388,5,6
2026-04-15 12:06:40,300,385,6,5
2026-04-15 12:06:40,281,385,7,5
2026-04-15 12:06:40,86,385,5,8
2026-04-15 12:06:40,409,384,11,5
2026-04-15 12:06:40,208,382,6,10
2026-04-15 12:06:40,465,381,8,26
2026-04-15 12:06:40,332,380,37,21
2026-04-15 12:06:40,187,379,20,13
2026-04-15 12:06:40,77,376,5,9
2026-04-15 12:06:40,386,372,6,6
2026-04-15 12:06:40,23,372,6,10
2026-04-15 12:06:40,332,369,12,7
2026-04-15 12:06:40,176,367,18,23
2026-04-15 12:06:40,217,364,5,5
2026-04-15 12:06:40,199,364,9,11
2026-04-15 12:06:40,309,362,22,16
2026-04-15 12:06:40,185,361,5,5
2026-04-15 12:06:40,215,355,5,8
2026-04-15 12:06:40,158,355,10,9
2026-04-15 12:06:40,170,353,9,13
2026-04-15 12:06:40,230,349,15,19
2026-04-15 12:06:40,255,348,14,20
2026-04-15 12:06:40,274,346,7,6
2026-04-15 12:06:40,189,346,20,13
2026-04-15 12:06:40,290,345,73,33
2026-04-15 12:06:40,33,343,40,38
2026-04-15 12:06:40,208,342,8,5
2026-04-15 12:06:40,185,342,6,6
2026-04-15 12:06:40,240,337,6,5
2026-04-15 12:06:40,155,334,6,9
2026-04-15 12:06:40,116,333,35,68
2026-04-15 12:06:40,18,333,21,14
2026-04-15 12:06:40,52,328,6,6
2026-04-15 12:06:40,9,328,7,9
2026-04-15 12:06:40,331,326,18,11
2026-04-15 12:06:40,306,322,6,6
2026-04-15 12:06:40,196,322,33,20
2026-04-15 12:06:40,48,322,5,5
2026-04-15 12:06:40,293,321,11,8
2026-04-15 12:06:40,240,321,38,12
2026-04-15 12:06:40,214,319,8,6
2026-04-15 12:06:40,282,318,6,7
2026-04-15 12:06:40,102,318,13,14
2026-04-15 12:06:40,300,313,6,6
2026-04-15 12:06:40,67,313,7,13
2026-04-15 12:06:40,165,312,13,17
2026-04-15 12:06:40,480,308,8,20
2026-04-15 12:06:40,320,308,6,6
2026-04-15 12:06:40,241,306,9,11
2026-04-15 12:06:40,182,306,56,16
2026-04-15 12:06:40,499,304,10,14
2026-04-15 12:06:40,351,298,9,9
2026-04-15 12:06:40,435,295,5,6
2026-04-15 12:06:40,381,295,5,5
2026-04-15 12:06:40,338,294,10,6
2026-04-15 12:06:40,498,293,7,7
2026-04-15 12:06:40,274,293,14,17
2026-04-15 12:06:40,55,293,5,5
2026-04-15 12:06:40,28,292,6,6
2026-04-15 12:06:40,481,291,5,5
2026-04-15 12:06:40,37,290,5,5
2026-04-15 12:06:40,387,288,8,6
2026-04-15 12:06:40,64,286,5,5
2026-04-15 12:06:40,43,286,5,5
2026-04-15 12:06:40,354,285,7,8
2026-04-15 12:06:40,499,283,5,5
2026-04-15 12:06:40,139,280,11,37
2026-04-15 12:06:40,215,279,8,10
2026-04-15 12:06:40,243,278,5,5
2026-04-15 12:06:40,345,277,5,5
2026-04-15 12:06:40,163,274,10,15
2026-04-15 12:06:40,297,273,12,18
2026-04-15 12:06:40,175,272,5,10
2026-04-15 12:06:40,195,271,7,6
2026-04-15 12:06:40,284,270,6,5
2026-04-15 12:06:40,125,270,5,7
2026-04-15 12:06:40,360,265,7,5
2026-04-15 12:06:40,86,265,26,51
2026-04-15 12:06:40,498,260,6,9
2026-04-15 12:06:40,505,259,5,11
2026-04-15 12:06:40,144,259,5,5
2026-04-15 12:06:40,48,259,10,15
2026-04-15 12:06:40,29,259,13,10
2026-04-15 12:06:40,370,256,7,8
2026-04-15 12:06:40,330,256,6,12
2026-04-15 12:06:40,57,254,10,16
2026-04-15 12:06:40,352,252,9,8
2026-04-15 12:06:40,94,249,6,10
2026-04-15 12:06:40,35,248,8,9
2026-04-15 12:06:40,228,247,5,6
2026-04-15 12:06:40,238,243,9,28
2026-04-15 12:06:40,171,236,5,5
2026-04-15 12:06:40,96,236,10,7
2026-04-15 12:06:40,52,236,9,5
2026-04-15 12:06:40,179,235,38,41
2026-04-15 12:06:40,353,233,16,12
2026-04-15 12:06:40,204,233,23,9
2026-04-15 12:06:40,233,232,10,8
2026-04-15 12:06:40,9,231,5,5
2026-04-15 12:06:40,20,229,6,7
2026-04-15 12:06:40,321,227,6,6
2026-04-15 12:06:40,53,220,6,7
2026-04-15 12:06:40,75,219,9,12
2026-04-15 12:06:40,244,218,86,83
2026-04-15 12:06:40,276,218,6,9
2026-04-15 12:06:40,159,217,14,15
2026-04-15 12:06:40,175,214,45,21
2026-04-15 12:06:40,85,213,13,13
2026-04-15 12:06:40,281,206,6,5
2026-04-15 12:06:40,291,205,10,5
2026-04-15 12:06:40,231,205,9,9
2026-04-15 12:06:40,45,204,10,7
2026-04-15 12:06:40,255,203,6,5
2026-04-15 12:06:40,33,201,11,9
2026-04-15 12:06:40,58,200,11,12
2026-04-15 12:06:40,493,198,8,8
2026-04-15 12:06:40,291,196,12,7
2026-04-15 12:06:40,133,196,7,6
2026-04-15 12:06:40,88,195,6,6
2026-04-15 12:06:40,391,194,13,8
2026-04-15 12:06:40,49,190,12,10
2026-04-15 12:06:40,17,190,6,8
2026-04-15 12:06:40,448,188,5,5
2026-04-15 12:06:40,529,187,4,389
2026-04-15 12:06:40,417,187,7,6
2026-04-15 12:06:40,457,184,31,12
2026-04-15 12:06:40,515,183,5,5
2026-04-15 12:06:40,401,183,13,11
2026-04-15 12:06:40,133,183,27,15
2026-04-15 12:06:40,427,182,6,6
2026-04-15 12:06:40,269,182,6,5
2026-04-15 12:06:40,308,181,5,6
2026-04-15 12:06:40,56,177,15,10
2026-04-15 12:06:40,295,176,5,7
2026-04-15 12:06:40,282,176,7,5
2026-04-15 12:06:40,120,173,5,6
2026-04-15 12:06:40,379,172,15,20
2026-04-15 12:06:40,90,172,6,6
2026-04-15 12:06:40,43,169,8,10
2026-04-15 12:06:40,245,168,16,8
2026-04-15 12:06:40,57,167,10,7
2026-04-15 12:06:40,323,166,24,12
2026-04-15 12:06:40,285,166,7,8
2026-04-15 12:06:40,70,166,10,8
2026-04-15 12:06:40,293,164,7,9
2026-04-15 12:06:40,85,164,6,6
2026-04-15 12:06:40,508,162,12,11
2026-04-15 12:06:40,427,162,7,7
2026-04-15 12:06:40,273,161,6,10
2026-04-15 12:06:40,227,161,5,5
2026-04-15 12:06:40,341,160,10,10
2026-04-15 12:06:40,43,157,10,7
2026-04-15 12:06:40,281,152,6,7
2026-04-15 12:06:40,35,152,5,5
2026-04-15 12:06:40,306,151,30,39
2026-04-15 12:06:40,303,150,7,5
2026-04-15 12:06:40,291,150,8,5
2026-04-15 12:06:40,335,145,10,12
2026-04-15 12:06:40,405,143,11,10
2026-04-15 12:06:40,515,141,5,5
2026-04-15 12:06:40,273,138,8,20
2026-04-15 12:06:40,407,134,6,7
2026-04-15 12:06:40,11,133,33,53
2026-04-15 12:06:40,312,132,9,12
2026-04-15 12:06:40,51,131,16,24
2026-04-15 12:06:40,354,130,6,5
2026-04-15 12:06:40,347,130,6,10
2026-04-15 12:06:40,234,130,6,9
2026-04-15 12:06:40,71,130,22,26
2026-04-15 12:06:40,133,129,5,5
2026-04-15 12:06:40,125,129,7,6
2026-04-15 12:06:40,375,125,45,47
2026-04-15 12:06:40,145,125,8,8
2026-04-15 12:06:40,331,123,6,14
2026-04-15 12:06:40,18,123,18,9
2026-04-15 12:06:40,95,120,9,9
2026-04-15 12:06:40,412,117,37,35
2026-04-15 12:06:40,480,115,12,11
2026-04-15 12:06:40,345,114,16,13
2026-04-15 12:06:40,125,114,5,8
2026-04-15 12:06:40,282,113,32,37
2026-04-15 12:06:40,147,113,5,6
2026-04-15 12:06:40,436,111,77,63
2026-04-15 12:06:40,273,111,9,25
2026-04-15 12:06:40,212,110,5,5
2026-04-15 12:06:40,81,110,8,7
2026-04-15 12:06:40,51,109,8,7
2026-04-15 12:06:40,35,109,9,10
2026-04-15 12:06:40,97,108,6,10
2026-04-15 12:06:40,157,106,21,20
2026-04-15 12:06:40,82,100,7,5
2026-04-15 12:06:40,96,98,7,9
2026-04-15 12:06:40,302,97,45,21
2026-04-15 12:06:40,278,96,12,10
2026-04-15 12:06:40,450,93,5,5
2026-04-15 12:06:40,511,92,5,6
2026-04-15 12:06:40,151,92,6,5
2026-04-15 12:06:40,517,91,5,5
2026-04-15 12:06:40,367,89,12,29
2026-04-15 12:06:40,319,88,7,6
2026-04-15 12:06:40,263,87,13,18
2026-04-15 12:06:40,82,87,7,8
2026-04-15 12:06:40,279,86,5,5
2026-04-15 12:06:40,122,85,19,20
2026-04-15 12:06:40,41,85,19,21
2026-04-15 12:06:40,17,79,27,35
2026-04-15 12:06:40,350,78,6,6
2026-04-15 12:06:40,294,77,49,20
2026-04-15 12:06:40,242,77,15,30
2026-04-15 12:06:40,56,77,12,8
2026-04-15 12:06:40,266,74,18,6
2026-04-15 12:06:40,495,71,7,5
2026-04-15 12:06:40,329,71,16,5
2026-04-15 12:06:40,313,71,5,5
2026-04-15 12:06:40,291,71,12,9
2026-04-15 12:06:40,442,70,8,7
2026-04-15 12:06:40,187,70,10,5
2026-04-15 12:06:40,125,69,7,6
2026-04-15 12:06:40,134,65,7,8
2026-04-15 12:06:40,91,63,24,22
2026-04-15 12:06:40,80,63,7,7
2026-04-15 12:06:40,222,62,5,5
2026-04-15 12:06:40,191,62,5,5
2026-04-15 12:06:40,483,61,8,8
2026-04-15 12:06:40,399,61,5,5
2026-04-15 12:06:40,51,57,5,6
2026-04-15 12:06:40,470,56,5,5
2026-04-15 12:06:40,199,55,7,19
2026-04-15 12:06:40,504,54,5,6
2026-04-15 12:06:40,250,54,6,5
2026-04-15 12:06:40,68,52,5,5
2026-04-15 12:06:40,188,50,8,8
2026-04-15 12:06:40,149,50,9,7
2026-04-15 12:06:40,58,49,5,9
2026-04-15 12:06:40,327,48,15,6
2026-04-15 12:06:40,114,48,7,9
2026-04-15 12:06:40,225,47,6,6
2026-04-15 12:06:40,165,46,7,6
2026-04-15 12:06:40,47,46,8,6
2026-04-15 12:06:40,461,42,12,9
2026-04-15 12:06:40,135,42,10,8
2026-04-15 12:06:40,115,41,8,6
2026-04-15 12:06:40,124,40,8,8
2026-04-15 12:06:40,158,39,5,5
2026-04-15 12:06:40,60,39,13,8
2026-04-15 12:06:40,243,38,9,18
2026-04-15 12:06:40,116,30,8,9
2026-04-15 12:06:40,77,29,33,28
2026-04-15 12:06:40,6,25,6,23
2026-04-15 12:06:40,128,22,5,8
2026-04-15 12:06:40,36,22,14,41
2026-04-15 12:06:40,223,20,6,6
2026-04-15 12:06:40,73,20,13,10
2026-04-15 12:06:40,51,19,17,15
2026-04-15 12:06:40,164,18,8,9
2026-04-15 12:06:40,333,15,10,31
2026-04-15 12:06:40,301,15,5,6
2026-04-15 12:06:40,240,14,13,16
2026-04-15 12:06:40,433,13,7,7
2026-04-15 12:06:40,109,13,9,7
2026-04-15 12:06:40,19,11,26,39
2026-04-15 12:06:40,501,10,16,34
2026-04-15 12:06:40,77,7,9,12
2026-04-15 12:06:40,168,6,5,7
2026-04-15 12:06:40,56,6,5,5
2026-04-15 12:06:40,491,5,8,6
2026-04-15 12:06:40,348,5,8,41
2026-04-15 12:06:40,108,3,5,6
2026-04-15 12:06:40,293,2,39,42
2026-04-15 12:06:40,518,0,15,183
2026-04-15 12:06:40,373,0,116,49
2026-04-15 12:06:40,230,0,5,3
2026-04-15 12:06:40,217,0,9,19
2026-04-15 12:06:40,175,0,39,37
2026-04-15 12:06:40,152,0,10,15
2026-04-15 12:06:40,98,0,9,9
2026-04-15 12:06:40,72,0,8,4
2026-04-15 12:06:40,55,0,12,5
2026-04-15 12:06:40,44,0,7,12
2026-04-15 12:06:40,0,0,79,601
2026-05-09 21:42:41,Vegetation Change,0,197,106,404,1664.0,0.61
2026-05-09 21:42:41,Demolition,190,591,129,10,768.5,1.0
2026-05-09 21:42:41,Demolition,343,592,34,9,191.5,1.0
2026-05-09 21:42:41,Demolition,0,43,4,74,116.0,1.0
2026-05-10 11:01:58,Vegetation Change,0,197,106,404,1664.0,0.61
2026-05-10 11:01:58,Demolition,190,591,129,10,768.5,1.0
2026-05-10 11:01:58,Demolition,343,592,34,9,191.5,1.0
2026-05-10 11:01:58,Demolition,0,43,4,74,116.0,1.0
